<beans xmlns="http://www.springframework.org/schema/beans"
	xmlns:xsi="http://www.w3.org/2001/XMLSchema-instance"
	xmlns:context="http://www.springframework.org/schema/context"
	xsi:schemaLocation="http://www.springframework.org/schema/beans
	http://www.springframework.org/schema/beans/spring-beans-4.2.xsd
	http://www.springframework.org/schema/context
	http://www.springframework.org/schema/context/spring-context-4.2.xsd">
	
	<context:annotation-config></context:annotation-config>
	<context:component-scan base-package="com.virtusa.*"></context:component-scan>

    <bean id="dataSource" class="org.apache.commons.dbcp.BasicDataSource">
		<property name="driverClassName"  value="oracle.jdbc.driver.OracleDriver">
		</property>
		<property name="url" value="jdbc:oracle:thin:@localhost:1521:xe"></property>
		<property name="username" value="system"></property>
		<property name="password" value="vignesh"></property>
	</bean>
    <bean id="sessionFactory"	class="org.springframework.orm.hibernate3.LocalSessionFactoryBean">
		<property name="dataSource" ref="dataSource"></property>
		
		<property name="mappingResources">
		<list>
		<value>topic.hbm.xml</value>
		</list>
		</property>
		
		<property name="hibernateProperties">
			<props>
				<prop key="hibernate.dialect">org.hibernate.dialect.OracleDialect</prop>
				<prop key="hibernate.hbm2ddl.auto">update</prop>
				<prop key="hibernate.show_sql">true</prop>
				
			</props>
		</property>
	</bean>
    <bean id="template" class="org.springframework.orm.hibernate5.HibernateTemplate">
	<property name="sessionFactory" ref="sessionFactory"></property>
	</bean>
    <bean id="topic" class="com.virtusa.day12springhibernatedemo.models.Topic">
    <property name="template" ref="template"></property>
    
    </bean>


</beans>