<beans xmlns="http://www.springframework.org/schema/beans"
  xmlns:context="http://www.springframework.org/schema/context"
  xmlns:xsi="http://www.w3.org/2001/XMLSchema-instance"
  xsi:schemaLocation="
      http://www.springframework.org/schema/beans    
      http://www.springframework.org/schema/beans/spring-beans-4.2.xsd
      http://www.springframework.org/schema/context
      http://www.springframework.org/schema/context/spring-context-4.2.xsd">
 
  <context:component-scan base-package="com.virtusa.banking.*" />
  <context:annotation-config />
 
  <bean
    class="org.springframework.web.servlet.view.InternalResourceViewResolver">
    <property name="prefix">
      <value>/views/</value>
    </property>
    <property name="suffix">
      <value>.jsp</value>
    </property>
  </bean>
 
</beans>