<!DOCTYPE hibernate-mapping PUBLIC
          "-//Hibernate/Hibernate Mapping DTD 3.0//EN"
          "http://hibernate.sourceforge.net/hibernate-mapping-3.0.dtd">

          <hibernate-mapping>
          <class name="com.virtusa.day12springhibernatedemo.models.Topic" table="topic">
          <id name="topicId">
          <generator class="assigned"></generator>
          </id>
          
          <property name="description"></property>
          <property name="doc"></property>
          </class>
          
          </hibernate-mapping>